date,actual_demand_mw,ndf_forecast_mw,our_forecast_mw,blended_forecast_mw
2025-09-09,24228.39393939394,24191.303030303032,25438.496162358766,24408.81351253355
2025-09-10,24111.958333333332,23999.541666666668,24261.290611286677,24045.190682608398
2025-09-11,22596.25,22710.104166666668,23603.839822938084,22865.971665120403
2025-09-12,22050.75,22345.4375,22691.2458829067,22405.746481978927
2025-09-13,20767.229166666668,20939.041666666668,20748.004412706712,20905.72476957605
2025-09-14,22717.791666666668,22683.125,21431.875728604977,22464.90712706871
2025-09-15,22844.625,22103.458333333332,21940.347676405232,22075.01183476507
2025-09-16,23683.666666666668,23425.9375,23738.02068485584,23480.36480743886
2025-09-17,25328.916666666668,25590.229166666668,24556.662621666397,25409.97516121862
2025-09-18,24665.854166666668,24188.208333333332,24724.221347292187,24281.689002967756
2025-09-19,23808.666666666668,24086.666666666668,24132.561364218825,24094.670701919764
2025-09-20,23302.354166666668,23106.0,22163.092544360672,22941.556939736503
2025-09-21,21466.0,21289.541666666668,22040.657605992816,21420.536286485145
2025-09-22,24662.0,24550.3125,24118.85583988865,24475.06645847658
2025-09-23,25757.729166666668,26437.875,25626.388723058186,26296.35179330135
2025-09-24,26034.1875,25695.770833333332,25587.42094977845,25676.874613641365
2025-09-25,24694.958333333332,24823.791666666668,25245.693520552657,24897.371349984383
2025-09-26,26399.104166666668,25694.75,24978.280859264007,25569.797781855643
2025-09-27,23414.916666666668,23084.6875,23284.510403416,23119.53661435575
2025-09-28,23358.020833333332,23219.583333333332,23189.816709182574,23214.39203408144
2025-09-29,25950.0,26297.25,26225.782004963065,26284.78598166556
2025-09-30,25505.5625,25742.229166666668,26213.31525303934,25824.38658013006
2025-10-01,26200.458333333332,26396.375,27019.31443365163,26505.015637228844
2025-10-02,25474.333333333332,24886.166666666668,26505.84525186259,25168.638611924835
2025-10-03,25211.020833333332,25217.604166666668,25144.003121762707,25204.76814443542
2025-10-04,21051.541666666668,20484.479166666668,21598.000617675592,20678.677307722624
2025-10-05,21276.145833333332,20819.125,21791.322321914453,20988.676212941882
2025-10-06,24308.875,24918.395833333332,25297.716184720415,24984.54930261524
2025-10-07,26331.229166666668,26454.8125,25987.691414203684,26373.34658263712
2025-10-08,26877.083333333332,26816.166666666668,27054.916261040198,26857.80459592541
2025-10-09,26166.208333333332,25740.875,26689.817154762994,25906.370511790665
2025-10-10,27161.4375,26565.0,26446.751889383373,26544.37752950846
2025-10-11,24885.354166666668,24366.541666666668,24111.43864723052,24322.051700077
2025-10-12,25300.520833333332,24275.791666666668,24225.4578211265,24267.01344400446
2025-10-13,28423.8125,29068.3125,27883.083312240455,28861.608529654735
2025-10-14,29326.854166666668,29174.854166666668,28716.644059027705,29094.94232389443
2025-10-15,29349.9375,29104.270833333332,29507.507179823166,29174.59525216116
2025-10-16,29244.604166666668,29175.979166666668,28946.408965748575,29135.94212362655
2025-10-17,28750.541666666668,28643.166666666668,28791.400539577426,28669.018654102303
2025-10-18,25494.104166666668,25096.708333333332,25880.35399245296,25233.376136283798
2025-10-19,24766.770833333332,24521.479166666668,25064.95107404846,24616.26066731405
2025-10-20,28470.104166666668,28379.604166666668,28515.458761628124,28403.297208027943
2025-10-21,27463.25,27590.0,29040.368883197272,27842.944333229607
2025-10-22,27916.916666666668,28215.791666666668,28590.329402247957,28281.11104775204
2025-10-23,28086.729166666668,27970.4375,28199.63539983842,28010.409613731823
2025-10-24,26969.3125,26814.041666666668,28082.46925829494,27035.255438646636
2025-10-25,24170.5,23983.375,24836.058222663545,24132.08295403252
2025-10-26,25308.041666666668,25402.375,24859.61387372002,25307.717459576772
2025-10-27,27322.5625,27615.958333333332,27830.379509955746,27653.35338653628
2025-10-28,26729.916666666668,27005.625,27317.229393773956,27059.968806274177
2025-10-29,29372.083333333332,29049.541666666668,28694.18788328204,28987.567966844388
2025-10-30,29105.583333333332,28656.604166666668,29457.455892606653,28796.272707670603
2025-10-31,26626.333333333332,26867.5625,27588.77597329528,26993.342129742698
2025-11-01,24090.145833333332,23884.020833333332,24325.719888042888,23961.05314847468
2025-11-02,25209.6875,24061.583333333332,25169.403755795498,24254.787215010732
2025-11-03,27078.125,26695.25,27865.653939773372,26899.368447096476
2025-11-04,27821.416666666668,28075.875,27808.467810312617,28029.23918611852
2025-11-05,28624.083333333332,28715.708333333332,28757.235148068165,28722.95060982309
2025-11-06,29175.9375,29298.166666666668,29523.359317217702,29337.440264922767
2025-11-07,28761.770833333332,28977.0,28906.495225384122,28964.703967306992
2025-11-08,25673.041666666668,25795.5,26492.695770498118,25917.09094237487
2025-11-09,25993.625,25591.208333333332,26335.552034289012,25721.021874780006
2025-11-10,29635.041666666668,29783.6875,29425.07937772263,29721.146243474825
2025-11-11,29255.5625,29592.270833333332,29282.579076994396,29538.26059102782
2025-11-12,29564.75,29463.083333333332,29399.36689053722,29451.971185709688
2025-11-13,28476.270833333332,28849.041666666668,29469.69084867794,28957.282884009433
2025-11-14,28855.645833333332,28281.479166666668,28337.651929794603,28291.275696556175
2025-11-15,27436.458333333332,26973.770833333332,26558.41539893545,26901.332845574343
2025-11-16,27970.4375,27819.0625,27756.387343181836,27808.131952650914
2025-11-17,31641.895833333332,31692.1875,31819.091622899316,31714.319579033643
2025-11-18,33769.583333333336,33684.458333333336,32903.895267435895,33548.32813464082
2025-11-19,33323.375,32544.854166666668,33649.53419750946,32737.51036404565
2025-11-20,35044.208333333336,34498.583333333336,34060.23790984571,34422.13589147709
2025-11-21,34552.1875,34969.75,33975.53959317569,34796.35970504984
2025-11-22,31798.833333333332,31631.395833333332,30136.43001442609,31370.67379451591
2025-11-23,29351.75,29451.354166666668,30091.293293551364,29562.959550395357
2025-11-24,33197.229166666664,32970.354166666664,33345.35387790935,33035.75411630739
2025-11-25,34157.75,34333.354166666664,34262.82911591586,34321.054597815724
2025-11-26,34767.625,34549.270833333336,34678.36321346253,34571.784544427865
2025-11-27,30662.125,31264.645833333332,32316.268357984678,31448.04880163253
2025-11-28,29201.520833333332,29859.583333333332,30001.61132848346,29884.353015687517
2025-11-29,29291.125,29568.75,28550.239566684133,29391.121780429716
2025-11-30,29189.854166666668,28861.145833333332,29638.978198649264,28996.799797844433
2025-12-01,31680.583333333332,31900.229166666668,30648.004136869768,31681.84112147009
2025-12-02,32095.854166666668,32243.395833333332,32056.095064683166,32210.730579280746
2025-12-03,33043.0625,32334.25,32960.77781201688,32443.516450415744
2025-12-04,34042.833333333336,33541.6875,32828.58581229923,33417.32256566498
2025-12-05,33105.770833333336,32738.9375,32728.77926651815,32737.165904080768
2025-12-06,29358.4375,29537.625,28785.990272502986,29406.53990352452
2025-12-07,29163.791666666668,29061.541666666668,28462.20721787057,28957.01773879663
2025-12-08,31095.0,30884.875,31281.18285786235,30953.991090411193
2025-12-09,30100.708333333332,30440.791666666668,29933.622575598045,30352.3413771843
2025-12-10,29648.395833333332,29431.270833333332,29725.989115280798,29482.669701704974
2025-12-11,30691.708333333332,30540.8125,30505.717410005567,30534.69191630497
2025-12-12,31454.916666666668,32607.583333333332,30896.476979610223,32309.166385244025
2025-12-13,27283.25,28013.375,28879.828001321494,28164.48440343047
2025-12-14,26331.791666666668,26672.541666666668,26763.640634486266,26688.42932665441
2025-12-15,32319.125,32327.5625,30453.423122436772,32000.712592552973
2025-12-16,33073.520833333336,33386.479166666664,32666.772721846322,33260.96236269
2025-12-17,32014.833333333332,32245.458333333332,32287.000009340947,32252.70320162906
2025-12-18,31831.895833333332,32359.354166666668,30681.06825490424,32066.661103655297
2025-12-19,29812.229166666668,30137.395833333332,30421.0818920412,30186.870681971985
2025-12-20,28788.0,28802.770833333332,27819.977089298525,28631.371604373664
2025-12-21,28863.0,28994.854166666668,27936.208727093195,28810.226402005053
2025-12-22,30737.104166666668,30934.604166666668,31215.9987017524,30983.67937358562
2025-12-23,31270.604166666668,31496.916666666668,31412.746711176635,31482.237426429205
2025-12-24,28727.0,28834.916666666668,29342.600384035803,28923.456706975845
2025-12-25,25394.354166666668,25736.416666666668,27261.79666522884,26002.442938415912
2025-12-26,26056.875,26302.1875,26213.23376100489,26286.673967919254
2025-12-27,27954.104166666668,26292.541666666668,26816.830675008212,26383.97766972143
2025-12-28,28898.979166666668,28686.666666666668,28184.793476573755,28599.13998231446
2025-12-29,30724.208333333332,30690.3125,31364.107384357467,30807.822327831946
2025-12-30,30899.979166666668,30740.520833333332,31411.165527440524,30857.481267985626
2025-12-31,30497.36170212766,30102.63829787234,31631.60867479083,30369.290731606925
2026-01-01,23967.0,22670.0,24873.696812326452,23054.32472406973
2026-01-02,30660.375,30252.479166666668,30478.148711269212,30291.83593524535
2026-01-03,30735.270833333332,30559.895833333332,31045.03703717011,30644.504459282467
2026-01-04,32833.0625,31975.666666666668,32320.765041679697,32035.85182326894
2026-01-05,37406.375,37576.1875,36727.42875606331,37428.16397505744
2026-01-06,37647.895833333336,37468.145833333336,37523.686898035456,37477.832195017385
2026-01-07,35705.520833333336,36034.875,36343.02894573479,36088.61704813615
2026-01-08,36925.0,37844.208333333336,35259.96686384906,37393.51662105528
2026-01-09,36252.104166666664,35761.479166666664,34796.96073885836,35593.2671528569
2026-01-10,33521.020833333336,33553.145833333336,33573.244927922344,33556.65111542965
2026-01-11,30649.6875,30215.729166666668,31942.60201982767,30516.895792257947
2026-01-12,31984.729166666668,32092.333333333332,33271.289415355895,32297.94327403807
2026-01-13,34076.354166666664,34130.583333333336,33835.92979436424,34079.195756137124
2026-01-14,34547.895833333336,33929.854166666664,34999.04390090581,34116.32085631797
2026-01-15,34655.875,34967.979166666664,34148.97869531577,34825.14548446307
2026-01-16,33648.354166666664,33844.208333333336,33690.74511286325,33817.44434768335
2026-01-17,30588.854166666668,31126.395833333332,30963.500689636956,31097.986920272684
2026-01-18,31175.854166666668,31124.541666666668,30884.272671682626,31082.638753941446
2026-01-19,33971.479166666664,34021.375,34230.5895489904,34057.86201734393
2026-01-20,31717.145833333332,32112.145833333332,32919.72788329988,32252.988142847495
2026-01-21,32741.020833333332,32250.729166666668,32222.310804990895,32245.773004390412
2026-01-22,32569.5,32740.583333333332,32425.183792858123,32685.577653474455
2026-01-23,31759.708333333332,31911.875,31932.337129536903,31915.443595391236
2026-01-24,28363.666666666668,28049.5625,28714.41670212691,28165.513072850936
2026-01-25,29844.333333333332,29470.895833333332,29143.007973808413,29413.712190632188
2026-01-26,34350.645833333336,33683.729166666664,34535.14949127935,33832.21687127912
2026-01-27,32994.625,33111.375,33358.82692504381,33154.53061572764
2026-01-28,34133.25,34085.645833333336,33669.11168675454,34013.002278169995
2026-01-29,34252.916666666664,34018.75,34252.8053054417,34059.569245269035
2026-01-30,32926.958333333336,32754.4375,32807.5492974577,32763.70019747662
2026-01-31,29606.166666666668,29866.25,29677.161042588956,29833.27288582751
2026-02-01,30814.729166666668,30995.8125,30295.595891420413,30873.69472346372
2026-02-02,33175.520833333336,33013.020833333336,34257.492625342704,33230.05671385977
2026-02-03,34670.416666666664,33760.770833333336,34345.77723563575,33862.79594989488
2026-02-04,33620.666666666664,33580.9375,34277.915095444325,33702.49039264549
2026-02-05,32686.520833333332,32784.4375,33670.49283684165,32938.96555074518
2026-02-06,33052.333333333336,33034.020833333336,32318.99485727596,32909.32030310893
2026-02-07,30398.770833333332,29954.083333333332,29620.932207968563,29895.981777069715
2026-02-08,29410.0625,29552.604166666668,29909.07886354777,29614.773353802735
2026-02-09,32380.541666666668,32156.791666666668,32825.80349002299,32273.467328660005
2026-02-10,33193.333333333336,33061.729166666664,32873.65266961681,33028.92862558117
2026-02-11,32181.916666666668,32070.770833333332,32808.91022007482,32199.50234238105
2026-02-12,32986.5625,32971.354166666664,32789.39565828437,32939.6206028048
2026-02-13,33498.541666666664,33532.145833333336,33090.04711893295,33455.043817541904
2026-02-14,30224.666666666668,30254.25,30429.06930701257,30284.738487142993
2026-02-15,30441.875,30378.645833333332,30321.082695802703,30368.60682214799
2026-02-16,31588.875,31751.645833333332,32908.92005211605,31953.474457089036
2026-02-17,33232.166666666664,32581.270833333332,33209.80811590641,32690.887735414075
2026-02-18,33452.5,33961.625,34044.01643180241,33975.99406570634
2026-02-19,35077.375,34682.25,33914.40605856417,34548.33801661359
2026-02-20,31368.729166666668,32405.833333333332,32852.58251558961,32483.746390718825
2026-02-21,27571.333333333332,27708.5,28240.884479932927,27801.347853300304
2026-02-22,24894.541666666668,24524.145833333332,27206.31192190082,24991.9155991795
2026-02-23,29317.104166666668,29317.145833333332,30542.648864801045,29530.8735620213
2026-02-24,28157.5,28663.166666666668,30219.309386099925,28934.557956935827
2026-02-25,28260.5625,28962.416666666668,29360.43706264469,29031.831423725234
2026-02-26,28936.395833333332,28952.104166666668,29583.270838926812,29062.179634308835
2026-02-27,30263.166666666668,30493.75,29739.652392806413,30362.23537730544
2026-02-28,27465.0,27905.104166666668,27807.15065766773,27888.021074697248
2026-03-01,26001.375,25886.208333333332,26927.698386806398,26067.844198659037
2026-03-02,27635.520833333332,28130.145833333332,29288.675142935095,28332.193344927884
2026-03-03,29803.6875,29914.6875,29439.118709649974,29831.748302962955
2026-03-04,29324.9375,28577.5,29973.857909940893,28821.02481949369
2026-03-05,28565.145833333332,28516.0,29448.78494747255,28678.67769483921
2026-03-06,31137.5625,30681.895833333332,30075.40110873831,30576.123153363962
2026-03-07,29034.083333333332,28982.895833333332,28699.360514136293,28933.44727366537
2026-03-08,28840.416666666668,28656.875,28251.00278758525,28586.090886154867
2026-03-09,31029.8125,30424.3125,31022.42731731666,30528.623724140023
2026-03-10,28113.791666666668,28395.125,30362.535731483902,28738.24143157079
2026-03-11,26183.1875,26348.270833333332,27907.76505219963,26620.246625103613
2026-03-12,28771.395833333332,28097.958333333332,27680.90032658944,28025.2234169572
2026-03-13,28381.229166666668,28138.4375,29025.458652680463,28293.133989027472
2026-03-14,26112.770833333332,26549.145833333332,26870.959236890678,26605.270090913735
2026-03-15,25034.083333333332,26286.833333333332,26824.871698327155,26380.66722418826
2026-03-16,29595.270833333332,28186.166666666668,29986.183318629788,28500.089570769036
2026-03-17,26245.583333333332,26032.520833333332,28309.215055098455,26429.57630560917
2026-03-18,27039.916666666668,26975.479166666668,27078.1338016494,26993.382135007658
2026-03-19,26727.895833333332,27484.125,27843.35864174101,27546.775347119634
2026-03-20,27457.75,26603.4375,28334.821673850634,26905.390899919552
2026-03-21,24362.854166666668,24240.770833333332,25691.019420662506,24493.694186963538
2026-03-22,24864.708333333332,24417.833333333332,25715.70443967536,24644.182054279383
2026-03-23,27913.083333333332,28498.791666666668,29120.5955642872,28607.234266411688
2026-03-24,27560.604166666668,27460.708333333332,27400.051845022925,27450.129841771995
2026-03-25,27448.520833333332,26753.4375,26972.592867653588,26791.658196118788
2026-03-26,28771.604166666668,30070.8125,28045.17694534983,29717.541659269013
2026-03-27,28828.25,29315.604166666668,28664.77512167239,29202.099581219663
2026-03-28,23329.916666666668,23253.541666666668,24942.621880791445,23548.117256010028
2026-03-29,25821.166666666668,24530.1875,24161.475434271662,24465.884115736975
2026-03-30,26717.75,26519.333333333332,27441.846096621997,26680.219559250876
2026-03-31,27548.479166666668,27581.1875,27572.188136374705,27579.618010983748
2026-04-01,28289.8125,27546.291666666668,27528.575733006637,27543.202007836357
2026-04-02,26028.479166666668,26003.479166666668,27717.37666005215,26302.382889513097
2026-04-03,23807.083333333332,23343.75,24741.382732813177,23587.49714860262
2026-04-04,23220.6875,22027.770833333332,22948.542068745493,22188.353336789212
2026-04-05,20431.729166666668,20473.208333333332,21890.45618939417,20720.376359430342
2026-04-06,21962.083333333332,22116.8125,22783.117057227737,22233.016014780518
2026-04-07,22735.125,22799.541666666668,24409.445388055236,23080.30887567683
2026-04-08,23883.979166666668,24116.541666666668,23988.445961079586,24094.20177561228
2026-04-09,24762.020833333332,24807.75,24700.833865913428,24789.1038262153
2026-04-10,24338.229166666668,24543.0,25344.54333008105,24682.78915676613
2026-04-11,21479.8125,21621.729166666668,22090.463448002494,21703.476425331635
2026-04-12,21329.666666666668,20994.145833333332,21131.761407246977,21018.145989423872
2026-04-13,26330.854166666668,25916.625,25017.127534927884,25759.752642091422
2026-04-14,26467.291666666668,26604.8125,26871.243742407067,26651.278108675793
2026-04-15,25236.958333333332,25169.916666666668,25524.234241726957,25231.70965175718
2026-04-16,24502.604166666668,25222.708333333332,24876.845298613247,25162.38982007815
2026-04-17,24426.9375,23917.5625,24865.50473989549,24082.883626637773
2026-04-18,21159.770833333332,21998.5625,21812.01019770771,21966.027778480227
2026-04-19,22012.9375,22281.5,21662.49582039877,22173.545671077547
2026-04-20,25399.375,26116.3125,25717.848817370857,26046.82043374948
2026-04-21,23725.208333333332,24513.291666666668,25217.37694534706,24636.084139268525
2026-04-22,22884.708333333332,22703.4375,23800.937282059003,22894.84146199109
2026-04-23,23124.083333333332,23002.270833333332,23852.05915525199,23150.47391667595
2026-04-24,22850.458333333332,22806.9375,23676.43126597944,22958.577212786815
2026-04-25,20751.0625,20598.729166666668,21462.930854656865,20749.445941052156
2026-04-26,21285.854166666668,20519.645833333332,21448.956546414738,20681.71762169473
2026-04-27,23795.333333333332,23789.604166666668,24372.07688265854,23891.18740833565
2026-04-28,24852.395833333332,24728.0,24731.79826191808,24728.662416878517
2026-04-29,21799.291666666668,21624.5625,23326.995158943464,21921.46675571974
2026-04-30,21588.25,20947.75,22340.130427139826,21190.581146493187
2026-05-01,23302.583333333332,22895.875,22295.453209976502,22791.1614398199
2026-05-02,21525.854166666668,20946.895833333332,21404.316592931777,21026.670013807303
2026-05-03,22470.75,22103.666666666668,21738.587964620547,22039.99694102982
2026-05-04,23348.1875,22865.25,23177.748187269837,22919.74968385986
2026-05-05,24490.083333333332,24462.833333333332,24667.41609037698,24498.512566161746
2026-05-06,25448.416666666668,25664.5625,24747.612604833088,25504.64643828289
2026-05-07,25300.125,24476.708333333332,25159.615169811368,24595.8072856151
2026-05-08,24229.270833333332,24482.520833333332,24397.109141878973,24467.625034343695
2026-05-09,20708.541666666668,20573.041666666668,21184.28392198341,20679.642315993904
2026-05-10,20485.520833333332,20539.958333333332,21231.24102455011,20660.51803468154
2026-05-11,24648.5625,24012.604166666668,24754.77864227802,24142.039395213287
2026-05-12,23521.208333333332,23479.854166666668,24717.817075183426,23695.75489791199
2026-05-13,24193.9375,23777.645833333332,23738.355008135553,23770.79351341884
2026-05-14,24538.979166666668,24712.229166666668,24138.336682098703,24612.142317358015
2026-05-15,24113.4375,24028.416666666668,24150.199849272216,24049.65565371307
2026-05-16,23048.6875,22541.979166666668,22319.028524500536,22503.09657467289
2026-05-17,20898.375,21129.854166666668,21356.879204642933,21169.44733328973
2026-05-18,24883.25,24784.041666666668,24412.47353457788,24719.240184430382
2026-05-19,24018.208333333332,23462.208333333332,24049.91097385313,23564.703673839987
2026-05-20,23702.208333333332,22776.0625,23411.947142567355,22886.960781663747
2026-05-21,23423.395833333332,22904.229166666668,23681.01183297359,23039.700063670592
2026-05-22,21561.958333333332,21340.5,22608.38258522051,21561.61872286246
2026-05-23,19275.791666666668,19577.958333333332,20666.398292325346,19767.78226218154
2026-05-24,18577.770833333332,18689.979166666668,19972.84002136646,18913.71009972631
2026-05-25,20584.75,19749.520833333332,21638.92747917949,20079.033352368904
2026-05-26,23986.5625,23613.041666666668,24123.72550433522,23702.104927956065
2026-05-27,21965.0,22761.333333333332,23822.817838304243,22946.456231000262
2026-05-28,22391.229166666668,22385.833333333332,22444.54194899587,22396.07211590488
2026-05-29,21685.8125,21718.3125,22914.64028422235,21926.952065568377
2026-05-30,19544.645833333332,19387.520833333332,20406.30491674357,19565.19677748008
2026-05-31,19208.770833333332,19774.9375,20110.14322130952,19833.39737779638
2026-06-01,24124.041666666668,24092.916666666668,23732.962718137565,24030.140698043193
2026-06-02,23375.666666666668,23547.645833333332,23904.839103250284,23609.940339606852
2026-06-03,22985.895833333332,23289.75,23382.354341290036,23305.90019712098
2026-06-04,21615.770833333332,21805.5,22746.837842981666,21969.669319816003
2026-06-05,21625.083333333332,22062.0,22398.171508784824,22120.62831113207
2026-06-06,20994.229166666668,20746.875,20657.11554748938,20731.220951482148
2026-06-07,19203.958333333332,18946.958333333332,20655.977477627053,19245.01127209816
2026-06-08,22593.333333333332,23044.5625,23522.37149932803,23127.892389482808
2026-06-09,21462.395833333332,22004.083333333332,23031.3513441094,22183.23887441268
2026-06-10,22930.5,22666.291666666668,22582.804688000335,22651.731537587257
2026-06-11,25466.708333333332,24484.416666666668,24198.68138583204,24434.584433689106
2026-06-12,20930.5625,21266.479166666668,23078.050078406493,21582.417133674095
2026-06-13,17932.833333333332,17842.416666666668,19484.652665866804,18128.822624927172
2026-06-14,19586.354166666668,19569.708333333332,19699.44363567031,19592.3341700609
2026-06-15,22801.916666666668,22718.791666666668,23614.56987021152,22875.01538536489
2026-06-16,23869.333333333332,23864.020833333332,23860.778719389564,23863.45540866154
2026-06-17,23996.583333333332,23377.895833333332,23948.303595299498,23477.37494702023
2026-06-18,23684.625,23244.291666666668,24589.758314688806,23478.94105008173
2026-06-19,22175.729166666668,21980.666666666668,23106.6403328779,22177.036474053908
2026-06-20,21214.770833333332,20896.541666666668,20955.563376155944,20906.835052801598
2026-06-21,20294.395833333332,20443.229166666668,20883.328099609185,20519.982420571843
2026-06-22,23617.75,23408.854166666668,24125.175186063276,23533.780552449432
2026-06-23,24629.541666666668,23871.0625,25117.692374475566,24088.474750108537
2026-06-24,25622.3125,24622.583333333332,25550.81781792198,24784.467427445594
2026-06-25,25247.604166666668,25229.583333333332,25554.416868417266,25286.23430185197
2026-06-26,25514.020833333332,25729.645833333332,24848.268752145286,25575.93367037414
2026-06-27,21152.4375,20983.291666666668,22774.457246727503,21295.670943829275
2026-06-28,18716.729166666668,19353.416666666668,20676.74527375717,19584.20517574325
2026-06-29,22293.229166666668,22597.1875,23623.25958481409,22776.134471591577
2026-06-30,23623.625,24283.75,23941.209285166817,24224.010899333094
2026-07-01,22942.416666666668,23330.083333333332,24211.64042217846,23483.826889627922
2026-07-02,19514.541666666668,20065.229166666668,22525.939174978983,20494.376992116337
2026-07-03,20832.125,21103.604166666668,22013.237645551486,21262.24424538418
2026-07-04,19222.979166666668,18649.083333333332,20163.121960206357,18913.131669859988
2026-07-05,20019.75,19287.604166666668,20087.92397116662,19427.17994057146
2026-07-06,21653.020833333332,21543.125,23194.052072859788,21831.046681506745
2026-07-07,22739.458333333332,22735.666666666668,24079.807641690637,22970.084852710846
2026-07-08,24603.729166666668,24012.1875,24477.013445084216,24093.253144822684
2026-07-09,24704.541666666668,25273.041666666668,25188.53301126031,25258.303357163797
2026-07-10,24340.833333333332,24833.208333333332,24713.504333270783,24812.331955722428
2026-07-11,20674.208333333332,21240.666666666668,22031.747899584032,21378.631233687454
2026-07-12,18467.854166666668,19106.708333333332,20500.08272633348,19349.71282747256
2026-07-13,21416.5625,21598.020833333332,22546.616722085873,21763.455956331778
2026-07-14,22320.395833333332,22839.354166666668,23127.933907950337,22889.682473546538
2026-07-15,23015.270833333332,22846.25,23771.781192857652,23007.662640034378
2026-07-16,23092.458333333332,23089.375,23869.519386634074,23225.432181028984
2026-07-17,22586.458333333332,22742.604166666668,23524.760964259975,22879.012312166942
2026-07-18,20277.333333333332,19617.333333333332,21079.151479588352,19872.274418040208
2026-07-19,18659.166666666668,18914.25,19491.969747575633,19015.00432397719
2026-07-20,21523.145833333332,22099.375,22379.945253018795,22148.30645212648
2026-07-21,23211.958333333332,22416.645833333332,23513.36125505564,22607.9130028817
2026-07-22,23799.333333333332,22927.083333333332,23993.991165401185,23113.152059245967
2026-07-23,23438.875,23601.541666666668,24208.799517762003,23707.44743589769
2026-07-24,21595.4375,21474.166666666668,23535.826907491064,21833.72021266644
2026-07-25,19140.583333333332,18005.75,20676.423657523566,18471.51548587211
2026-07-26,18847.770833333332,19164.833333333332,19923.598243948047,19297.16193374454
2026-07-27,22157.1875,22397.833333333332,22227.53910513411,22368.134019935387
2026-07-28,23356.958333333332,22982.395833333332,23819.867786753257,23128.45094200977
2026-07-29,24119.208333333332,23323.145833333332,24534.98401784332,23534.490412711875
2026-07-30,23602.395833333332,23036.583333333332,24490.427212462975,23290.133705853543
2026-07-31,21391.645833333332,21779.5,22641.205211300385,21929.781388850784
2026-08-01,18945.708333333332,19618.458333333332,19653.74834590145,19624.612911525215
2026-08-02,19374.833333333332,19120.75,20071.65177210743,19286.587269055537
2026-08-03,22440.229166666668,22385.520833333332,22974.24544378617,22488.19440539631
2026-08-04,24053.583333333332,23237.479166666668,24179.471041216213,23401.762549588108
2026-08-05,20887.625,21258.770833333332,23326.57175933773,21619.3953148285
2026-08-06,22277.895833333332,22260.354166666668,22533.572833325412,22308.003502131953
2026-08-07,20432.854166666668,21509.708333333332,21966.738529116144,21589.414399477853
2026-08-08,18927.229166666668,18730.375,19948.497851151773,18942.81562524087
2026-08-09,19345.208333333332,19350.145833333332,20445.100669707623,19541.10595679701
2026-08-10,22117.854166666668,22310.541666666668,23029.157741093644,22435.86831004673
2026-08-11,21910.0,22426.604166666668,23347.759970814743,22587.25373891009
2026-08-12,23125.645833333332,22659.791666666668,23294.482725048918,22770.48178724853
2026-08-13,24617.25,24934.625,24491.823410481567,24857.400402787986
2026-08-14,24374.395833333332,24389.9375,24277.462790045825,24370.321910583993
2026-08-15,21139.4375,21063.270833333332,22041.023996728818,21233.790985029507
2026-08-16,21222.458333333332,21234.645833333332,21344.656613016487,21253.831713310075
2026-08-17,24555.1875,24691.4375,24193.59254024083,24604.613339018
2026-08-18,23902.979166666668,23758.041666666668,25186.768003057074,24007.21153973315
2026-08-19,23502.6875,23440.5,23815.398949847993,23505.88237685349
2026-08-20,23249.958333333332,23220.0,23807.841916235597,23322.519630191488
2026-08-21,22479.458333333332,22190.208333333332,22585.408667464773,22259.131271605856
2026-08-22,20124.4375,20601.041666666668,20331.780692919918,20554.082552845233
2026-08-23,19425.1875,19870.916666666668,19764.08157208436,19852.284626171513
2026-08-24,21643.520833333332,21880.3125,23116.630155358664,22095.926299094554
2026-08-25,22342.854166666668,22205.8125,23039.313695196444,22351.17510844226
2026-08-26,23952.541666666668,23494.0625,23813.097222976885,23549.702155687166
2026-08-27,25397.5625,25192.75,24929.470750657736,25146.83409891471
2026-08-28,23318.375,23331.916666666668,23685.542785264697,23393.58906175016
2026-08-29,23044.833333333332,22976.6875,21906.79323575921,22790.097940316406
2026-08-30,21246.583333333332,20471.395833333332,21482.70072997631,20647.76740730787
2026-08-31,20892.208333333332,20257.729166666668,21248.06401041264,20430.443563415964
2026-09-01,23530.583333333332,22781.708333333332,23540.878120947033,22914.10754429316
2026-09-02,25990.0625,25179.625,24929.529302320097,25136.008310324625
2026-09-03,23903.854166666668,23753.5625,25322.06509139513,24027.109351939307
2026-09-04,23014.8125,22820.083333333332,23438.553926987384,22927.9446048666
2026-09-05,19995.645833333332,20532.9375,21281.970433281287,20663.568843564255
2026-09-06,19859.020833333332,20183.708333333332,21045.78107790877,20334.05381998729
2026-09-07,23691.729166666668,24250.8125,24120.63723223004,24228.10993330092
2026-09-08,24023.083333333332,23098.354166666668,24580.478173843734,23356.83659351835
2026-09-09,21929.066666666666,21062.8,21822.638181831175,21195.315778911357
